id,title,score,num_comments,author,created_utc,url,over_18,edited,spoiler,stickied
1ho1pds,Need advice for selecting company ,3,0,AintShocked1234,2024-12-28 08:44:58,https://www.reddit.com/r/dataengineering/comments/1ho1pds/need_advice_for_selecting_company/,False,False,False,False
1ho1ir5,Whatâ€™s your opinion on AI Engineering ,1,1,NefariousnessSea5101,2024-12-28 08:30:51,https://www.reddit.com/r/dataengineering/comments/1ho1ir5/whats_your_opinion_on_ai_engineering/,False,False,False,False
1ho0fll,How do you guys mock the APIs?,10,6,ast0708,2024-12-28 07:11:13,https://www.reddit.com/r/dataengineering/comments/1ho0fll/how_do_you_guys_mock_the_apis/,False,False,False,False
1hnxrsj,Are there any good alternatives to The Data Warehouse Toolkit?,16,13,iMakeSense,2024-12-28 04:24:46,https://www.reddit.com/r/dataengineering/comments/1hnxrsj/are_there_any_good_alternatives_to_the_data/,False,False,False,False
1hnvogb,I made a Pandas.to_sql_upsert(),27,17,Prudent_Student2839,2024-12-28 02:29:11,https://www.reddit.com/r/dataengineering/comments/1hnvogb/i_made_a_pandasto_sql_upsert/,False,False,False,False
1hnut2c,"After Python & SQL: If not Scala, What Else? ",9,36,aksandros,2024-12-28 01:42:53,https://www.reddit.com/r/dataengineering/comments/1hnut2c/after_python_sql_if_not_scala_what_else/,False,False,False,False
1hnuomf,Is it too late for me as 32 years old female with completely zero background jump into data engineering?,107,96,Admirable_Spite4940,2024-12-28 01:36:29,https://www.reddit.com/r/dataengineering/comments/1hnuomf/is_it_too_late_for_me_as_32_years_old_female_with/,False,False,False,False
1hnrvzi,Seeking Advice: How to Strengthen My Profile for Data Engineering Roles?,1,6,NefariousnessSea5101,2024-12-27 23:18:23,https://www.reddit.com/r/dataengineering/comments/1hnrvzi/seeking_advice_how_to_strengthen_my_profile_for/,False,False,False,False
1hnocdj,Do you like the devops part of being a DE?,31,24,anooseboy,2024-12-27 20:39:28,https://www.reddit.com/r/dataengineering/comments/1hnocdj/do_you_like_the_devops_part_of_being_a_de/,False,False,False,False
1hnnsu3,"What tools, processes do you use for data migration? SQL Server. Feel free to add anything about data migration!",1,3,NoobDataEngineer,2024-12-27 20:15:06,https://www.reddit.com/r/dataengineering/comments/1hnnsu3/what_tools_processes_do_you_use_for_data/,False,False,False,False
